NC_022600	Bacteria-Cyanobacteriota-Cyanophyceae-Gloeobacterales-Gloeobacteraceae-Gloeobacter-kilaueensis-JS1	taxo=Cyanobacteriota-Gloeobacterales-Gloeobacter-kilaueensis
NC_005125	Bacteria-Cyanobacteriota-Cyanophyceae-Gloeobacterales-Gloeobacteraceae-Gloeobacter-violaceus-PCC-7421	taxo=Cyanobacteriota-Gloeobacterales-Gloeobacter-violaceus
CP017675	Bacteria-Cyanobacteriota-Cyanophyceae-Gloeomargaritales-Gloeomargaritaceae-Gloeomargarita-lithophora-Alchichica-D10	taxo=Cyanobacteriota-Gloeomargaritales-Gloeomargarita-lithophora-Alchichica
CP088016	Bacteria-Cyanobacteriota-Cyanophyceae-Gloeomargaritales-cyanobacterium-VI4D9	taxo=Cyanobacteriota-Gloeomargaritales-cyanobacterium-VI4D9
GCF_000315565	Bacteria-Cyanobacteriota-Cyanophyceae-Nostocales-Symphyonemataceae-Mastigocladopsis-repens-PCC-10914	taxo=Cyanobacteriota-Nostocales-Mastigocladopsis-repens
NC_019693	Bacteria-Cyanobacteriota-Cyanophyceae-Oscillatoriophycideae-Oscillatoriales-Oscillatoriaceae-Oscillatoria-acuminata-PCC-6304	taxo=Cyanobacteriota-Oscillatoriales-Oscillatoria-acuminata
GCF_000173555	Bacteria-Cyanobacteriota-Cyanophyceae-Oscillatoriales-Sirenicapillariaceae-Limnospira-maxima-CS-328	taxo=Cyanobacteriota-Oscillatoriales-Limnospira-maxima
NZ_AP014638	Bacteria-Cyanobacteriota-Cyanophyceae-Leptolyngbyales-Leptolyngbyaceae-Leptolyngbya-boryana-IAM-M-101	taxo=Cyanobacteriota-Leptolyngbyales-Leptolyngbya-boryana
NC_009925	Bacteria-Cyanobacteriota-Cyanophyceae-Acaryochloridales-Acaryochloridaceae-Acaryochloris-marina-MBIC11017	taxo=Cyanobacteriota-Acaryochloridales-Acaryochloris-marina
CP000239	Bacteria-Cyanobacteriota-Cyanophyceae-Synechococcales-Synechococcaceae-Synechococcus-sp-JA-3-3Ab	taxo=Cyanobacteriota-Synechococcales-Synechococcus-sp
BX548020	Bacteria-Cyanobacteriota-Cyanophyceae-Synechococcales-Prochlorococcaceae-Parasynechococcus-Parasynechococcus-marenigrum-Parasynechococcus-marenigrum-WH-8102	taxo=Cyanobacteriota-Synechococcales-Parasynechococcus-marenigrum
NC_005071	Bacteria-Cyanobacteriota-Cyanophyceae-Synechococcales-Prochlorococcaceae-Prochlorococcus-marinus-str-MIT-9313	taxo=Cyanobacteriota-Synechococcales-Prochlorococcus-marinus
NC_005042	Bacteria-Cyanobacteriota-Cyanophyceae-Synechococcales-Prochlorococcaceae-Prochlorococcus-marinus-subsp-marinus-str-CCMP1375	taxo=Cyanobacteriota-Synechococcales-Prochlorococcus-marinus
NC_035720	Eukaryota-Cryptophyceae-Cryptomonadales-Cryptomonadaceae-Cryptomonas-curvata	taxo=Eukaryota-Cryptophyceae-Cryptomonadales-Cryptomonas-curvata
NC_013703	Eukaryota-Cryptophyceae-Cryptomonadales-Cryptomonadaceae-Cryptomonas-paramecium	taxo=Eukaryota-Cryptophyceae-Cryptomonadales-Cryptomonas-paramecium
KY860574	Eukaryota-Cryptophyceae-Pyrenomonadales-Chroomonadaceae-Chroomonas-mesostigmatica-CCMP1168	taxo=Eukaryota-Cryptophyceae-Pyrenomonadales-Chroomonas-mesostigmatica
NC_000926	Eukaryota-Cryptophyceae-Pyrenomonadales-Geminigeraceae-Guillardia-theta	taxo=Eukaryota-Cryptophyceae-Pyrenomonadales-Guillardia-theta
NC_027589	Eukaryota-Cryptophyceae-Pyrenomonadales-Geminigeraceae-Teleaulax-amphioxeia	taxo=Eukaryota-Cryptophyceae-Pyrenomonadales-Teleaulax-amphioxeia
NC_009573	Eukaryota-Cryptophyceae-Pyrenomonadales-Pyrenomonadaceae-Rhodomonas-salina	taxo=Eukaryota-Cryptophyceae-Pyrenomonadales-Rhodomonas-salina
KY856940	Eukaryota-Cryptophyceae-Pyrenomonadales-Pyrenomonadaceae-Storeatula-sp-CCMP1868	taxo=Eukaryota-Cryptophyceae-Pyrenomonadales-Storeatula-sp
MK798155	Eukaryota-Cryptophyceae-Cryptophyta-sp-CCMP2293	taxo=Eukaryota-Cryptophyceae-Cryptophyta-sp-CCMP2293
NC_020460	Eukaryota-Discoba-Euglenozoa-Euglenida-Spirocuta-Euglenophyceae-Euglenales-Euglenaceae-Euglena-viridis	taxo=Eukaryota-Euglenozoa-Euglenales-Euglena-viridis
NC_039967	Eukaryota-Discoba-Euglenozoa-Euglenida-Spirocuta-Euglenophyceae-Euglenales-Phacaceae-Phacus-inflexus	taxo=Eukaryota-Euglenozoa-Euglenales-Phacus-inflexus
NC_017754	Eukaryota-Discoba-Euglenozoa-Euglenida-Spirocuta-Euglenophyceae-Eutreptiales-Eutreptiella-gymnastica	taxo=Eukaryota-Euglenozoa-Eutreptiales-Eutreptiella-gymnastica
NC_038216	Eukaryota-Glaucocystophyceae-Cyanophoraceae-Cyanophora-biloba	taxo=Eukaryota-Glaucocystophyceae-Cyanophora-biloba
NC_001675	Eukaryota-Glaucocystophyceae-Cyanophoraceae-Cyanophora-paradoxa	taxo=Eukaryota-Glaucocystophyceae-Cyanophora-paradoxa
NC_038215	Eukaryota-Glaucocystophyceae-Cyanophoraceae-Cyanophora-sudae	taxo=Eukaryota-Glaucocystophyceae-Cyanophora-sudae
MF167427	Eukaryota-Glaucocystophyceae-Cyanoptyche-gloeocystis	taxo=Eukaryota-Glaucocystophyceae-Cyanoptyche-gloeocystis
NC_040152	Eukaryota-Glaucocystophyceae-Glaucocystales-Glaucocystaceae-Glaucocystis-incrassata	taxo=Eukaryota-Glaucocystophyceae-Glaucocystis-incrassata
MF167424	Eukaryota-Glaucocystophyceae-Glaucocystales-Glaucocystaceae-Glaucocystis-sp-BBH	taxo=Eukaryota-Glaucocystophyceae-Glaucocystis-sp-BBH
NC_040153	Eukaryota-Glaucocystophyceae-Gloeochaetales-Gloeochaetaceae-Gloeochaete-wittrockiana	taxo=Eukaryota-Glaucocystophyceae-Gloeochaete-wittrockiana
NC_020371	Eukaryota-Haptista-Haptophyta-Pavlovales-Pavlovaceae-Diacronema-lutheri	taxo=Eukaryota-Haptophyta-Pavlovales-Pavlovaceae-Diacronema-lutheri
NC_049168	Eukaryota-Haptista-Haptophyta-Prymnesiophyceae-Isochrysidales-Isochrysidaceae-Isochrysis-galbana	taxo=Eukaryota-Haptophyta-Prymnesiophyceae-Isochrysidales-Isochrysis-galbana
NC_040291	Eukaryota-Haptista-Haptophyta-Prymnesiophyceae-Isochrysidales-Isochrysidaceae-Tisochrysis-lutea	taxo=Eukaryota-Haptophyta-Prymnesiophyceae-Isochrysidales-Tisochrysis-lutea
NC_016703	Eukaryota-Haptista-Haptophyta-Prymnesiophyceae-Phaeocystales-Phaeocystaceae-Phaeocystis-antarctica	taxo=Eukaryota-Haptophyta-Prymnesiophyceae-Phaeocystales-Phaeocystis-antarctica
MT471323	Eukaryota-Haptista-Haptophyta-Prymnesiophyceae-Phaeocystales-Phaeocystaceae-Phaeocystis-globosa	taxo=Eukaryota-Haptophyta-Prymnesiophyceae-Phaeocystales-Phaeocystis-globosa
NC_036937	Eukaryota-Haptista-Haptophyta-Prymnesiophyceae-Prymnesiales-Chrysochromulinaceae-Chrysochromulina-parva	taxo=Eukaryota-Haptophyta-Prymnesiophyceae-Prymnesiales-Chrysochromulina-parva
KJ201907	Eukaryota-Haptista-Haptophyta-Prymnesiophyceae-Prymnesiales-Chrysochromulinaceae-Chrysochromulina-tobinii	taxo=Eukaryota-Haptophyta-Prymnesiophyceae-Prymnesiales-Chrysochromulina-tobinii
LC564893	Eukaryota-Haptista-Haptophyta-Haptophyceae-sp-NIES-3900	taxo=Eukaryota-Haptophyta-Haptophyceae-sp-NIES-3900
NC_000925	Eukaryota-Rhodophyta-Bangiophyceae-Bangiales-Bangiaceae-Porphyra-purpurea	taxo=Eukaryota-Rhodophyta-Bangiophyceae-Bangiales-Bangiaceae-Porphyra-purpurea
NC_051883	Eukaryota-Rhodophyta-Bangiophyceae-Cyanidiales-Cyanidiaceae-Cyanidiococcus-yangmingshanensis	taxo=Eukaryota-Rhodophyta-Bangiophyceae-Cyanidiales-Cyanidiococcus-yangmingshanensis
NC_004799	Eukaryota-Rhodophyta-Bangiophyceae-Cyanidiales-Cyanidiaceae-Cyanidioschyzon-merolae-strain-10D	taxo=Eukaryota-Rhodophyta-Bangiophyceae-Cyanidiales-Cyanidioschyzon-merolae
NC_001840	Eukaryota-Rhodophyta-Bangiophyceae-Cyanidiales-Cyanidiaceae-Cyanidium-caldarium	taxo=Eukaryota-Rhodophyta-Bangiophyceae-Cyanidiales-Cyanidium-caldarium
KJ700459	Eukaryota-Rhodophyta-Bangiophyceae-Galdieriales-Galdieriaceae-Galdieria-sulphuraria	taxo=Eukaryota-Rhodophyta-Bangiophyceae-Galdieriales-Galdieria-sulphuraria
NC_062382	Eukaryota-Rhodophyta-Stylonematophyceae-Stylonematales-Stylonemataceae-Goniotrichopsis-reniformis	taxo=Eukaryota-Rhodophyta-Stylonematophyceae-Goniotrichopsis-reniformis
KY709211	Eukaryota-Rhodophyta-Bangiophyceae-Porphyridiales-Porphyridiaceae-Flintiella-sanguinaria	taxo=Eukaryota-Rhodophyta-Bangiophyceae-Porphyridiales-Flintiella-sanguinaria
NC_031175	Eukaryota-Rhodophyta-Bangiophyceae-Porphyridiales-Porphyridiaceae-Porphyridium-sordidum	taxo=Eukaryota-Rhodophyta-Bangiophyceae-Porphyridiales-Porphyridium-sordidum
NC_034776	Eukaryota-Rhodophyta-Compsopogonophyceae-Compsopogonales-Boldiaceae-Boldia-erythrosiphon	taxo=Eukaryota-Rhodophyta-Compsopogonophyceae-Compsopogonales-Boldia-erythrosiphon
NC_035350	Eukaryota-Rhodophyta-Compsopogonophyceae-Compsopogonales-Compsopogonaceae-Compsopogon-caeruleus	taxo=Eukaryota-Rhodophyta-Compsopogonophyceae-Compsopogonales-Compsopogon-caeruleus
NC_031176	Eukaryota-Rhodophyta-Compsopogonophyceae-Erythropeltidales-Erythrotrichiaceae-Erythrotrichia-carnea	taxo=Eukaryota-Rhodophyta-Compsopogonophyceae-Erythropeltidales-Erythrotrichia-carnea
NC_021075	Eukaryota-Rhodophyta-Florideophyceae-Corallinophycidae-Corallinales-Corallinaceae-Corallinoideae-Calliarthron-tuberculosum	taxo=Eukaryota-Rhodophyta-Florideophyceae-Corallinophycidae-Calliarthron-tuberculosum
NC_042171	Eukaryota-Rhodophyta-Florideophyceae-Nemaliophycidae-Balbianiales-Balbianiaceae-Balbiania-investiens	taxo=Eukaryota-Rhodophyta-Florideophyceae-Nemaliophycidae-Balbiania-investiens
NC_031662	Eukaryota-Rhodophyta-Florideophyceae-Nemaliophycidae-Nemaliales-Liagoraceae-Liagoropsis-maxima	taxo=Eukaryota-Rhodophyta-Florideophyceae-Nemaliophycidae-Liagoropsis-maxima
NC_026523	Eukaryota-Rhodophyta-Florideophyceae-Rhodymeniophycidae-Ceramiales-Rhodomelaceae-Polysiphonioideae-Vertebrata-lanosa	taxo=Eukaryota-Rhodophyta-Florideophyceae-Rhodymeniophycidae-Vertebrata-lanosa
NC_035291	Eukaryota-Rhodophyta-Florideophyceae-Rhodymeniophycidae-Ceramiales-Rhodomelaceae-Thaumatella-adunca	taxo=Eukaryota-Rhodophyta-Florideophyceae-Rhodymeniophycidae-Rhodomelaceae-Thaumatella-adunca
NC_035285	Eukaryota-Rhodophyta-Florideophyceae-Rhodymeniophycidae-Ceramiales-Spyridiaceae-Spyridia-filamentosa	taxo=Eukaryota-Rhodophyta-Florideophyceae-Rhodymeniophycidae-Spyridia-filamentosa
NC_041173	Eukaryota-Rhodophyta-Florideophyceae-Rhodymeniophycidae-Gelidiales-Gelidiaceae-Gelidium-coulteri	taxo=Eukaryota-Rhodophyta-Florideophyceae-Rhodymeniophycidae-Gelidium-coulteri
NC_020795	Eukaryota-Rhodophyta-Florideophyceae-Rhodymeniophycidae-Gigartinales-Gigartinaceae-Chondrus-crispus	taxo=Eukaryota-Rhodophyta-Florideophyceae-Rhodymeniophycidae-Chondrus-crispus
NC_058658	Eukaryota-Rhodophyta-Florideophyceae-Rhodymeniophycidae-Gracilariales-Gracilariaceae-Crassiphycus-corneus	taxo=Eukaryota-Rhodophyta-Florideophyceae-Rhodymeniophycidae-Crassiphycus-corneus
NC_038051	Eukaryota-Rhodophyta-Florideophyceae-Rhodymeniophycidae-Gracilariales-Gracilariaceae-Gracilaria-changii	taxo=Eukaryota-Rhodophyta-Florideophyceae-Rhodymeniophycidae-Gracilaria-changii
NC_034787	Eukaryota-Rhodophyta-Rhodellophyceae-Dixoniellales-Dixoniellaceae-Bulboplastis-apyrenoidosa	taxo=Eukaryota-Rhodophyta-Rhodellophyceae-Dixoniellales-Bulboplastis-apyrenoidosa
KY709210	Eukaryota-Rhodophyta-Rhodellophyceae-Rhodellales-Rhodellaceae-Corynoplastis-japonica	taxo=Eukaryota-Rhodophyta-Rhodellophyceae-Rhodellales-Corynoplastis-japonica
NC_031173	Eukaryota-Rhodophyta-Stylonematophyceae-Stylonematales-Stylonemataceae-Bangiopsis-subsimplex	taxo=Eukaryota-Rhodophyta-Stylonematophyceae-Bangiopsis-subsimplex
NC_014340	Eukaryota-Sar-Alveolata-Colpodellida-Chromeraceae-Chromera-velia	taxo=Eukaryota-Sar-Alveolata-Colpodellida-Chromeraceae-Chromera-velia
NC_014345	Eukaryota-Sar-Alveolata-Colpodellida-Chromerida-sp-RM11	taxo=Eukaryota-Sar-Alveolata-Colpodellida-Chromerida-sp-RM11
NC_027093	Eukaryota-Sar-Alveolata-Dinophyceae-Gymnodiniales-Gymnodiniaceae-Lepidodinium-chlorophorum	taxo=Eukaryota-Sar-Alveolata-Dinophyceae-Gymnodiniales-Lepidodinium-chlorophorum
GU591327	Eukaryota-Sar-Alveolata-Dinophyceae-Peridiniales-Kryptoperidiniaceae-Durinskia-baltica	taxo=Eukaryota-Sar-Alveolata-Dinophyceae-Peridiniales-Durinskia-baltica
GU591328	Eukaryota-Sar-Alveolata-Dinophyceae-Peridiniales-Kryptoperidiniaceae-Kryptoperidinium-foliaceum	taxo=Eukaryota-Sar-Alveolata-Dinophyceae-Peridiniales-Kryptoperidinium-foliaceum
LC716140	Eukaryota-Sar-Alveolata-Dinophyceae-sp-MGD	taxo=Eukaryota-Sar-Alveolata-Dinophyceae-sp-MGD
LC716139	Eukaryota-Sar-Alveolata-Dinophyceae-sp-TGD	taxo=Eukaryota-Sar-Alveolata-Dinophyceae-sp-TGD
NC_008408	Eukaryota-Sar-Rhizaria-Cercozoa-Chlorarachniophyceae-Bigelowiella-natans	taxo=Eukaryota-Sar-Rhizaria-Cercozoa-Chlorarachniophyceae-Bigelowiella-natans
NC_029743	Eukaryota-Sar-Rhizaria-Cercozoa-Chlorarachniophyceae-Lotharella-vacuolata	taxo=Eukaryota-Sar-Rhizaria-Cercozoa-Chlorarachniophyceae-Lotharella-vacuolata
NC_039737	Eukaryota-Sar-Rhizaria-Cercozoa-Imbricatea-Silicofilosea-Euglyphida-Paulinellidae-Paulinella-micropora	taxo=Eukaryota-Sar-Rhizaria-Cercozoa-Imbricatea-Silicofilosea-Euglyphida-Paulinella-micropora
NC_061049	Eukaryota-Sar-Stramenopiles-Ochrophyta-Bacillariophyta-Bacillariophyceae-Bacillariophycidae-Bacillariales-Bacillariaceae-Bacillaria-paxillifer	taxo=Eukaryota-Sar-Stramenopiles-Ochrophyta-Bacillariophyta-Bacillariophyceae-Bacillaria-paxillifer
KC509522	Eukaryota-Sar-Stramenopiles-Ochrophyta-Bacillariophyta-Bacillariophyceae-Bacillariophycidae-Bacillariales-Bacillariaceae-Cylindrotheca-closterium	taxo=Eukaryota-Sar-Stramenopiles-Ochrophyta-Bacillariophyta-Bacillariophyceae-Cylindrotheca-closterium
NC_045244	Eukaryota-Sar-Stramenopiles-Ochrophyta-Bacillariophyta-Bacillariophyceae-Bacillariophycidae-Bacillariales-Bacillariaceae-Fragilariopsis-cylindrus	taxo=Eukaryota-Sar-Stramenopiles-Ochrophyta-Bacillariophyta-Bacillariophyceae-Fragilariopsis-cylindrus
AP018511	Eukaryota-Sar-Stramenopiles-Ochrophyta-Bacillariophyta-Bacillariophyceae-Bacillariophycidae-Bacillariales-Bacillariaceae-Nitzschia-palea	taxo=Eukaryota-Sar-Stramenopiles-Ochrophyta-Bacillariophyta-Bacillariophyceae-Nitzschia-palea
NC_056787	Eukaryota-Sar-Stramenopiles-Ochrophyta-Bacillariophyta-Bacillariophyceae-Bacillariophycidae-Bacillariales-Bacillariaceae-Nitzschia-supralitorea	taxo=Eukaryota-Sar-Stramenopiles-Ochrophyta-Bacillariophyta-Bacillariophyceae-Nitzschia-supralitorea
NC_061048	Eukaryota-Sar-Stramenopiles-Ochrophyta-Bacillariophyta-Bacillariophyceae-Bacillariophycidae-Bacillariales-Bacillariaceae-Psammodictyon-constrictum	taxo=Eukaryota-Sar-Stramenopiles-Ochrophyta-Bacillariophyta-Bacillariophyceae-Psammodictyon-constrictum
NC_058782	Eukaryota-Sar-Stramenopiles-Ochrophyta-Bacillariophyta-Bacillariophyceae-Bacillariophycidae-Bacillariales-Bacillariaceae-Pseudo-nitzschia-americana	taxo=Eukaryota-Sar-Stramenopiles-Ochrophyta-Bacillariophyta-Bacillariophyceae-Pseudo-nitzschia-americana
NC_058785	Eukaryota-Sar-Stramenopiles-Ochrophyta-Bacillariophyta-Bacillariophyceae-Bacillariophycidae-Bacillariales-Bacillariaceae-Pseudo-nitzschia-cuspidata	taxo=Eukaryota-Sar-Stramenopiles-Ochrophyta-Bacillariophyta-Bacillariophyceae-Pseudo-nitzschia-cuspidata
NC_038001	Eukaryota-Sar-Stramenopiles-Ochrophyta-Bacillariophyta-Bacillariophyceae-Bacillariophycidae-Entomoneidaceae-Entomoneis-sp	taxo=Eukaryota-Sar-Stramenopiles-Ochrophyta-Bacillariophyta-Bacillariophyceae-Entomoneidaceae-Entomoneis-sp
NC_044463	Eukaryota-Sar-Stramenopiles-Ochrophyta-Bacillariophyta-Bacillariophyceae-Bacillariophycidae-Naviculales-Amphipleuraceae-Halamphora-americana	taxo=Eukaryota-Sar-Stramenopiles-Ochrophyta-Bacillariophyta-Bacillariophyceae-Halamphora-americana
NC_015403	Eukaryota-Sar-Stramenopiles-Ochrophyta-Bacillariophyta-Bacillariophyceae-Bacillariophycidae-Naviculales-Naviculaceae-Fistulifera-solaris	taxo=Eukaryota-Sar-Stramenopiles-Ochrophyta-Bacillariophyta-Bacillariophyceae-Fistulifera-solaris
MW645082	Eukaryota-Sar-Stramenopiles-Ochrophyta-Bacillariophyta-Bacillariophyceae-Bacillariophycidae-Naviculales-Naviculaceae-Haslea-silbo	taxo=Eukaryota-Sar-Stramenopiles-Ochrophyta-Bacillariophyta-Bacillariophyceae-Haslea-silbo
NC_056794	Eukaryota-Sar-Stramenopiles-Ochrophyta-Bacillariophyta-Bacillariophyceae-Bacillariophycidae-Naviculales-Naviculaceae-Navicula-veneta	taxo=Eukaryota-Sar-Stramenopiles-Ochrophyta-Bacillariophyta-Bacillariophyceae-Navicula-veneta
KF733443	Eukaryota-Sar-Stramenopiles-Ochrophyta-Bacillariophyta-Bacillariophyceae-Eunotiophycidae-Eunotiales-Eunotiaceae-Eunotia-naegelii	taxo=Eukaryota-Sar-Stramenopiles-Ochrophyta-Bacillariophyta-Bacillariophyceae-Eunotia-naegelii
NC_038009	Eukaryota-Sar-Stramenopiles-Ochrophyta-Bacillariophyta-Coscinodiscophyceae-Chaetocerotophycidae-Chaetocerotales-Acanthocerataceae-Acanthoceras-zachariasii	taxo=Eukaryota-Sar-Stramenopiles-Ochrophyta-Bacillariophyta-Coscinodiscophyceae-Acanthoceras-zachariasii
MW845780	Eukaryota-Sar-Stramenopiles-Ochrophyta-Bacillariophyta-Coscinodiscophyceae-Chaetocerotophycidae-Chaetocerotales-Chaetocerotaceae-Chaetoceros-curvisetus	taxo=Eukaryota-Sar-Stramenopiles-Ochrophyta-Bacillariophyta-Coscinodiscophyceae-Chaetoceros-curvisetus
MW845779	Eukaryota-Sar-Stramenopiles-Ochrophyta-Bacillariophyta-Coscinodiscophyceae-Chaetocerotophycidae-Chaetocerotales-Chaetocerotaceae-Chaetoceros-laevisporus	taxo=Eukaryota-Sar-Stramenopiles-Ochrophyta-Bacillariophyta-Coscinodiscophyceae-Chaetoceros-laevisporus
NC_025310	Eukaryota-Sar-Stramenopiles-Ochrophyta-Bacillariophyta-Coscinodiscophyceae-Chaetocerotophycidae-Chaetocerotales-Chaetocerotaceae-Chaetoceros-simplex	taxo=Eukaryota-Sar-Stramenopiles-Ochrophyta-Bacillariophyta-Coscinodiscophyceae-Chaetoceros-simplex
MW845776	Eukaryota-Sar-Stramenopiles-Ochrophyta-Bacillariophyta-Coscinodiscophyceae-Chaetocerotophycidae-Chaetocerotales-Chaetocerotaceae-Chaetoceros-socialis	taxo=Eukaryota-Sar-Stramenopiles-Ochrophyta-Bacillariophyta-Coscinodiscophyceae-Chaetoceros-socialis
NC_024084	Eukaryota-Sar-Stramenopiles-Ochrophyta-Bacillariophyta-Coscinodiscophyceae-Chaetocerotophycidae-Leptocylindrales-Leptocylindraceae-Leptocylindrus-danicus	taxo=Eukaryota-Sar-Stramenopiles-Ochrophyta-Bacillariophyta-Coscinodiscophyceae-Leptocylindrus-danicus
MW561224	Eukaryota-Sar-Stramenopiles-Ochrophyta-Bacillariophyta-Coscinodiscophyceae-Coscinodiscophycidae-Coscinodiscales-Coscinodiscaceae-Coscinodiscus-wailesii	taxo=Eukaryota-Sar-Stramenopiles-Ochrophyta-Bacillariophyta-Coscinodiscophyceae-Coscinodiscus-wailesii
NC_038000	Eukaryota-Sar-Stramenopiles-Ochrophyta-Bacillariophyta-Coscinodiscophyceae-Coscinodiscophycidae-Coscinodiscales-Hemidiscaceae-Actinocyclus-subtilis	taxo=Eukaryota-Sar-Stramenopiles-Ochrophyta-Bacillariophyta-Coscinodiscophyceae-Actinocyclus-subtilis
NC_037998	Eukaryota-Sar-Stramenopiles-Ochrophyta-Bacillariophyta-Coscinodiscophyceae-Rhizosoleniophycidae-Rhizosoleniales-Rhizosoleniaceae-Guinardia-striata	taxo=Eukaryota-Sar-Stramenopiles-Ochrophyta-Bacillariophyta-Coscinodiscophyceae-Guinardia-striata
MG755791	Eukaryota-Sar-Stramenopiles-Ochrophyta-Bacillariophyta-Coscinodiscophyceae-Rhizosoleniophycidae-Rhizosoleniales-Rhizosoleniaceae-Proboscia-sp	taxo=Eukaryota-Sar-Stramenopiles-Ochrophyta-Bacillariophyta-Coscinodiscophyceae-Proboscia-sp
NC_038003	Eukaryota-Sar-Stramenopiles-Ochrophyta-Bacillariophyta-Coscinodiscophyceae-Rhizosoleniophycidae-Rhizosoleniales-Rhizosoleniaceae-Rhizosolenia-fallax	taxo=Eukaryota-Sar-Stramenopiles-Ochrophyta-Bacillariophyta-Coscinodiscophyceae-Rhizosolenia-fallax
NC_025311	Eukaryota-Sar-Stramenopiles-Ochrophyta-Bacillariophyta-Coscinodiscophyceae-Rhizosoleniophycidae-Rhizosoleniales-Rhizosoleniaceae-Rhizosolenia-imbricata	taxo=Eukaryota-Sar-Stramenopiles-Ochrophyta-Bacillariophyta-Coscinodiscophyceae-Rhizosolenia-imbricata
NC_037996	Eukaryota-Sar-Stramenopiles-Ochrophyta-Bacillariophyta-Coscinodiscophyceae-Rhizosoleniophycidae-Rhizosoleniales-Rhizosoleniaceae-Rhizosolenia-setigera	taxo=Eukaryota-Sar-Stramenopiles-Ochrophyta-Bacillariophyta-Coscinodiscophyceae-Rhizosolenia-setigera
NC_058705	Eukaryota-Sar-Stramenopiles-Ochrophyta-Bacillariophyta-Coscinodiscophyceae-Thalassiosirophycidae-Thalassiosirales-Skeletonemataceae-Skeletonema-grevillei	taxo=Eukaryota-Sar-Stramenopiles-Ochrophyta-Bacillariophyta-Coscinodiscophyceae-Skeletonema-grevillei
NC_025312	Eukaryota-Sar-Stramenopiles-Ochrophyta-Bacillariophyta-Coscinodiscophyceae-Thalassiosirophycidae-Thalassiosirales-Thalassiosiraceae-Roundia-cardiophora	taxo=Eukaryota-Sar-Stramenopiles-Ochrophyta-Bacillariophyta-Coscinodiscophyceae-Roundia-cardiophora
NC_058877	Eukaryota-Sar-Stramenopiles-Ochrophyta-Bacillariophyta-Coscinodiscophyceae-Thalassiosirophycidae-Thalassiosirales-Thalassiosiraceae-Thalassiosira-nordenskioeldii	taxo=Eukaryota-Sar-Stramenopiles-Ochrophyta-Bacillariophyta-Coscinodiscophyceae-Thalassiosira-nordenskioeldii
KC509519	Eukaryota-Sar-Stramenopiles-Ochrophyta-Bacillariophyta-Fragilariophyceae-Fragilariophycidae-Fragilariales-Fragilariaceae-Asterionella-formosa	taxo=Eukaryota-Sar-Stramenopiles-Ochrophyta-Bacillariophyta-Fragilariophyceae-Asterionella-formosa
NC_024080	Eukaryota-Sar-Stramenopiles-Ochrophyta-Bacillariophyta-Fragilariophyceae-Fragilariophycidae-Fragilariales-Fragilariaceae-Asterionellopsis-glacialis	taxo=Eukaryota-Sar-Stramenopiles-Ochrophyta-Bacillariophyta-Fragilariophyceae-Asterionellopsis-glacialis
JQ088178	Eukaryota-Sar-Stramenopiles-Ochrophyta-Bacillariophyta-Fragilariophyceae-Fragilariophycidae-Licmophorales-Ulnariaceae-Ulnaria-acus	taxo=Eukaryota-Sar-Stramenopiles-Ochrophyta-Bacillariophyta-Fragilariophyceae-Fragilariophycidae-Ulnaria-acus
NC_060857	Eukaryota-Sar-Stramenopiles-Ochrophyta-Bacillariophyta-Fragilariophyceae-Fragilariophycidae-Thalassionemales-Thalassionemataceae-Thalassionema-bacillare	taxo=Eukaryota-Sar-Stramenopiles-Ochrophyta-Bacillariophyta-Fragilariophyceae-Thalassionema-bacillare
NC_060858	Eukaryota-Sar-Stramenopiles-Ochrophyta-Bacillariophyta-Fragilariophyceae-Fragilariophycidae-Thalassionemales-Thalassionemataceae-Thalassionema-frauenfeldii	taxo=Eukaryota-Sar-Stramenopiles-Ochrophyta-Bacillariophyta-Fragilariophyceae-Thalassionema-frauenfeldii
MG755797	Eukaryota-Sar-Stramenopiles-Ochrophyta-Bacillariophyta-Mediophyceae-Biddulphiophycidae-Anaulales-Anaulaceae-Eunotogramma-sp	taxo=Eukaryota-Sar-Stramenopiles-Ochrophyta-Bacillariophyta-Mediophyceae-Eunotogramma-sp
NC_057645	Eukaryota-Sar-Stramenopiles-Ochrophyta-Bacillariophyta-Mediophyceae-Biddulphiophycidae-Hemiaulales-Hemiaulaceae-Eucampia-zodiacus	taxo=Eukaryota-Sar-Stramenopiles-Ochrophyta-Bacillariophyta-Mediophyceae-Eucampia-zodiacus
NC_038004	Eukaryota-Sar-Stramenopiles-Ochrophyta-Bacillariophyta-Mediophyceae-Biddulphiophycidae-Triceratiales-Plagiogrammaceae-Psammoneis-obaidii	taxo=Eukaryota-Sar-Stramenopiles-Ochrophyta-Bacillariophyta-Mediophyceae-Psammoneis-obaidii
NC_037997	Eukaryota-Sar-Stramenopiles-Ochrophyta-Bacillariophyta-Mediophyceae-Cymatosirophycidae-Cymatosirales-Cymatosiraceae-Plagiogrammopsis-vanheurckii	taxo=Eukaryota-Sar-Stramenopiles-Ochrophyta-Bacillariophyta-Mediophyceae-Plagiogrammopsis-vanheurckii
NC_027746	Eukaryota-Sar-Stramenopiles-Ochrophyta-Bolidophyceae-Parmales-Triparmaceae-Triparma-laevis	taxo=Eukaryota-Sar-Stramenopiles-Ochrophyta-Bolidophyceae-Parmales-Triparma-laevis
KJ877675	Eukaryota-Sar-Stramenopiles-Ochrophyta-Chrysophyceae-Chromulinales-Chromulinaceae-Ochromonas-sp-CCMP1393	taxo=Eukaryota-Sar-Stramenopiles-Ochrophyta-Chrysophyceae-Ochromonas-sp-CCMP1393
NC_043929	Eukaryota-Sar-Stramenopiles-Ochrophyta-Dictyochophyceae-Dictyochales-Dictyocha-speculum	taxo=Eukaryota-Sar-Stramenopiles-Ochrophyta-Dictyochophyceae-Dictyocha-speculum
NC_044407	Eukaryota-Sar-Stramenopiles-Ochrophyta-Dictyochophyceae-Florenciellales-Florenciella-parvula	taxo=Eukaryota-Sar-Stramenopiles-Ochrophyta-Dictyochophyceae-Florenciella-parvula
NC_044408	Eukaryota-Sar-Stramenopiles-Ochrophyta-Dictyochophyceae-Pedinellales-Pseudopedinella-elastica	taxo=Eukaryota-Sar-Stramenopiles-Ochrophyta-Dictyochophyceae-Pseudopedinella-elastica
NC_043890	Eukaryota-Sar-Stramenopiles-Ochrophyta-Dictyochophyceae-Rhizochromulinales-Rhizochromulina-marina	taxo=Eukaryota-Sar-Stramenopiles-Ochrophyta-Dictyochophyceae-Rhizochromulina-marina
NC_040294	Eukaryota-Sar-Stramenopiles-Ochrophyta-Eustigmatophyceae-Eustigmatales-Chlorobotryaceae-Characiopsis-acuta	taxo=Eukaryota-Sar-Stramenopiles-Ochrophyta-Eustigmatophyceae-Characiopsis-acuta
KC598084	Eukaryota-Sar-Stramenopiles-Ochrophyta-Eustigmatophyceae-Eustigmatales-Monodopsidaceae-Nannochloropsis-gaditana	taxo=Eukaryota-Sar-Stramenopiles-Ochrophyta-Eustigmatophyceae-Nannochloropsis-gaditana
NC_026851	Eukaryota-Sar-Stramenopiles-Ochrophyta-Eustigmatophyceae-Goniochloridales-Goniochloridaceae-Trachydiscus-minutus	taxo=Eukaryota-Sar-Stramenopiles-Ochrophyta-Eustigmatophyceae-Trachydiscus-minutus
NC_040296	Eukaryota-Sar-Stramenopiles-Ochrophyta-Eustigmatophyceae-sp-Chic-10/23-P-6w	taxo=Eukaryota-Sar-Stramenopiles-Ochrophyta-Eustigmatophyceae-sp-Chic-10/23-P-6w
NC_036804	Eukaryota-Sar-Stramenopiles-Ochrophyta-PX-clade-Phaeophyceae-Dictyotales-Dictyotaceae-Dictyopteris-divaricata	taxo=Eukaryota-Sar-Stramenopiles-Ochrophyta-Phaeophyceae-Dictyopteris-divaricata
NC_058314	Eukaryota-Sar-Stramenopiles-Ochrophyta-PX-clade-Phaeophyceae-Ectocarpales-Ishigeaceae-Ishige-okamurae	taxo=Eukaryota-Sar-Stramenopiles-Ochrophyta-Phaeophyceae-Ishige-okamurae
NC_016735	Eukaryota-Sar-Stramenopiles-Ochrophyta-PX-clade-Phaeophyceae-Fucales-Fucaceae-Fucus-vesiculosus	taxo=Eukaryota-Sar-Stramenopiles-Ochrophyta-Phaeophyceae-Fucus-vesiculosus
NC_044689	Eukaryota-Sar-Stramenopiles-Ochrophyta-PX-clade-Phaeophyceae-Laminariales-Laminariaceae-Laminaria-digitata	taxo=Eukaryota-Sar-Stramenopiles-Ochrophyta-Phaeophyceae-Laminaria-digitata
NC_011600	Eukaryota-Sar-Stramenopiles-Ochrophyta-PX-clade-Xanthophyceae-Vaucheriales-Vaucheriaceae-Vaucheria-litorea	taxo=Eukaryota-Sar-Stramenopiles-Ochrophyta-Xanthophyceae-Vaucheria-litorea
NC_012898	Eukaryota-Sar-Stramenopiles-Ochrophyta-Pelagophyceae-Pelagomonadales-Aureococcus-anophagefferens	taxo=Eukaryota-Sar-Stramenopiles-Ochrophyta-Pelagophyceae-Aureococcus-anophagefferens
NC_012903	Eukaryota-Sar-Stramenopiles-Ochrophyta-Pelagophyceae-Pelagomonadales-Aureoumbra-lagunensis	taxo=Eukaryota-Sar-Stramenopiles-Ochrophyta-Pelagophyceae-Aureoumbra-lagunensis
JX297813	Eukaryota-Sar-Stramenopiles-Ochrophyta-Pelagophyceae-Pelagomonadales-Pelagomonas-environmental-samples-uncultured-Pelagomonas	taxo=Eukaryota-Sar-Stramenopiles-Ochrophyta-Pelagophyceae-uncultured-Pelagomonas
MK674494	Eukaryota-Sar-Stramenopiles-Ochrophyta-Raphidophyceae-Chattonellales-Vacuolariaceae-Vacuolaria-virescens	taxo=Eukaryota-Sar-Stramenopiles-Ochrophyta-Raphidophyceae-Chattonellales-Vacuolariaceae-Vacuolaria-virescens
NC_056910	Eukaryota-Sar-Stramenopiles-Ochrophyta-Synurophyceae-Ochromonadales-Ochromonadaceae-Poterioochromonas-malhamensis	taxo=Eukaryota-Sar-Stramenopiles-Ochrophyta-Synurophyceae-Poterioochromonas-malhamensis
NC_040135	Eukaryota-Sar-Stramenopiles-Ochrophyta-Synurophyceae-Synurales-Mallomonadaceae-Mallomonas-splendens	taxo=Eukaryota-Sar-Stramenopiles-Ochrophyta-Synurophyceae-Mallomonas-splendens
NC_040134	Eukaryota-Sar-Stramenopiles-Ochrophyta-Synurophyceae-Synurales-Mallomonadaceae-Synura-uvella	taxo=Eukaryota-Sar-Stramenopiles-Ochrophyta-Synurophyceae-Synura-uvella
NC_053868	Eukaryota-Sar-Stramenopiles-Ochrophyta-PX-clade-Schizocladia-ischiensis	taxo=Eukaryota-Sar-Stramenopiles-Ochrophyta-Schizocladia-ischiensis
NC_042487	Eukaryota-Viridiplantae-Chlorophyta-Chloropicophyceae-Chloropicales-Chloropicaceae-Chloroparvula-japonica	taxo=Eukaryota-Viridiplantae-Chlorophyta-Chloropicophyceae-Chloroparvula-japonica
NC_042484	Eukaryota-Viridiplantae-Chlorophyta-Chloropicophyceae-Chloropicales-Chloropicaceae-Chloropicon-laureae	taxo=Eukaryota-Viridiplantae-Chlorophyta-Chloropicophyceae-Chloropicon-laureae
MK085997	Eukaryota-Viridiplantae-Chlorophyta-Chloropicophyceae-Chloropicales-Chloropicaceae-Chloropicon-sp-RCC4434	taxo=Eukaryota-Viridiplantae-Chlorophyta-Chloropicophyceae-Chloropicon-sp-RCC4434
NC_044704	Eukaryota-Viridiplantae-Chlorophyta-Mamiellophyceae-Dolichomastigales-Dolichomastigales-incertae-sedis-Microrhizoidea-pickettheapsiorum	taxo=Eukaryota-Viridiplantae-Chlorophyta-Mamiellophyceae-Microrhizoidea-pickettheapsiorum
NC_012575	Eukaryota-Viridiplantae-Chlorophyta-Mamiellophyceae-Mamiellales-Mamiellaceae-Micromonas-commoda	taxo=Eukaryota-Viridiplantae-Chlorophyta-Mamiellophyceae-Micromonas-commoda
NC_059722	Eukaryota-Viridiplantae-Chlorophyta-Nephroselmidophyceae-Nephroselmidales-Nephroselmidaceae-Nephroselmis-pyriformis	taxo=Eukaryota-Viridiplantae-Chlorophyta-Nephroselmidophyceae-Nephroselmis-pyriformis
KJ746597	Eukaryota-Viridiplantae-Chlorophyta-Palmophyllophyceae-Prasinococcales-Prasinococcaceae-Prasinococcus-sp-CCMP1194	taxo=Eukaryota-Viridiplantae-Chlorophyta-Palmophyllophyceae-Prasinococcus-sp-CCMP1194
NC_016733	Eukaryota-Viridiplantae-Chlorophyta-Pedinophyceae-Pedinomonadales-Pedinomonadaceae-Pedinomonas-minor	taxo=Eukaryota-Viridiplantae-Chlorophyta-Pedinophyceae-Pedinomonas-minor
NC_030169	Eukaryota-Viridiplantae-Chlorophyta-Pyramimonadophyceae-Pyramimonadales-Pyramimonadaceae-Cymbomonas-tetramitiformis	taxo=Eukaryota-Viridiplantae-Chlorophyta-Pyramimonadophyceae-Cymbomonas-tetramitiformis
NC_034713	Eukaryota-Viridiplantae-Chlorophyta-Ulvophyceae-OUU-clade-Oltmansiellopsidales-Neodangemannia-microcystis	taxo=Eukaryota-Viridiplantae-Chlorophyta-Ulvophyceae-Neodangemannia-microcystis
KP720616	Eukaryota-Viridiplantae-Chlorophyta-Ulvophyceae-OUU-clade-Ulvales-Ulvaceae-Ulva-sp-UNA00071828	taxo=Eukaryota-Viridiplantae-Chlorophyta-Ulvophyceae-Ulva-sp-UNA00071828
NC_032042	Eukaryota-Viridiplantae-Chlorophyta-Ulvophyceae-TCBD-clade-Bryopsidales-Halimedineae-Caulerpaceae-Caulerpa-racemosa	taxo=Eukaryota-Viridiplantae-Chlorophyta-Ulvophyceae-Caulerpa-racemosa
NC_030629	Eukaryota-Viridiplantae-Chlorophyta-Ulvophyceae-TCBD-clade-Bryopsidales-Ostreobineae-Ostreobiaceae-Ostreobium-quekettii	taxo=Eukaryota-Viridiplantae-Chlorophyta-Ulvophyceae-Ostreobium-quekettii
NC_060532	Eukaryota-Viridiplantae-Chlorophyta-Ulvophyceae-TCBD-clade-Trentepohliales-Trentepohliaceae-Trentepohlia-sp-BN17	taxo=Eukaryota-Viridiplantae-Chlorophyta-Ulvophyceae-Trentepohlia-sp-BN17
NC_043776	Eukaryota-Viridiplantae-Chlorophyta-Ulvophyceae-TCBD-clade-Trentepohliales-Trentepohliaceae-Trentepohlia-odorata	taxo=Eukaryota-Viridiplantae-Chlorophyta-Ulvophyceae-Trentepohlia-odorata
NC_029807	Eukaryota-Viridiplantae-Chlorophyta-core-chlorophytes-Chlorodendrophyceae-Chlorodendrales-Chlorodendraceae-Scherffelia-dubia	taxo=Eukaryota-Viridiplantae-Chlorophyta-Chlorodendrophyceae-Scherffelia-dubia
NC_028585	Eukaryota-Viridiplantae-Chlorophyta-core-chlorophytes-Chlorophyceae-CS-clade-Chlamydomonadales-Chlamydomonadaceae-Carteria-cerasiformis	taxo=Eukaryota-Viridiplantae-Chlorophyta-Chlorophyceae-Carteria-cerasiformis
NC_005353	Eukaryota-Viridiplantae-Chlorophyta-core-chlorophytes-Chlorophyceae-CS-clade-Chlamydomonadales-Chlamydomonadaceae-Chlamydomonas-reinhardtii	taxo=Eukaryota-Viridiplantae-Chlorophyta-Chlorophyceae-Chlamydomonas-reinhardtii
NC_029674	Eukaryota-Viridiplantae-Chlorophyta-core-chlorophytes-Chlorophyceae-CS-clade-Sphaeropleales-Bracteacoccaceae-Bracteacoccus-minor	taxo=Eukaryota-Viridiplantae-Chlorophyta-Chlorophyceae-Bracteacoccus-minor
NC_025535	Eukaryota-Viridiplantae-Chlorophyta-core-chlorophytes-Chlorophyceae-CS-clade-Sphaeropleales-Radiococcaceae-Neocystis-brevis	taxo=Eukaryota-Viridiplantae-Chlorophyta-Chlorophyceae-Neocystis-brevis
NC_008101	Eukaryota-Viridiplantae-Chlorophyta-core-chlorophytes-Chlorophyceae-CS-clade-Sphaeropleales-Scenedesmaceae-Tetradesmus-obliquus	taxo=Eukaryota-Viridiplantae-Chlorophyta-Chlorophyceae-Tetradesmus-obliquus
NC_029735	Eukaryota-Viridiplantae-Chlorophyta-core-chlorophytes-Chlorophyceae-CS-clade-Sphaeropleales-Sphaeropleaceae-Ankyra-judayi	taxo=Eukaryota-Viridiplantae-Chlorophyta-Chlorophyceae-Ankyra-judayi
NC_042241	Eukaryota-Viridiplantae-Chlorophyta-core-chlorophytes-Chlorophyceae-CS-clade-Sphaeropleales-Sphaeropleaceae-Parallela-transversalis	taxo=Eukaryota-Viridiplantae-Chlorophyta-Chlorophyceae-Parallela-transversalis
NC_028578	Eukaryota-Viridiplantae-Chlorophyta-core-chlorophytes-Chlorophyceae-Treubariaceae-Treubaria-triappendiculata	taxo=Eukaryota-Viridiplantae-Chlorophyta-Chlorophyceae-Treubaria-triappendiculata
NC_015645	Eukaryota-Viridiplantae-Chlorophyta-core-chlorophytes-Chlorophyceae-OCC-clade-Chaetophorales-Schizomeridaceae-Schizomeris-leibleinii	taxo=Eukaryota-Viridiplantae-Chlorophyta-Chlorophyceae-Schizomeris-leibleinii
NC_011031	Eukaryota-Viridiplantae-Chlorophyta-core-chlorophytes-Chlorophyceae-OCC-clade-Oedogoniales-Oedogoniaceae-Oedogonium-cardiacum	taxo=Eukaryota-Viridiplantae-Chlorophyta-Chlorophyceae-Oedogonium-cardiacum
NC_023835	Eukaryota-Viridiplantae-Chlorophyta-core-chlorophytes-Trebouxiophyceae-Chlorellales-Chlorellaceae-Chlorella-clade-Chlorella-sorokiniana	taxo=Eukaryota-Viridiplantae-Chlorophyta-Trebouxiophyceae-Chlorella-sorokiniana
NC_015359	Eukaryota-Viridiplantae-Chlorophyta-core-chlorophytes-Trebouxiophyceae-Chlorellales-Chlorellaceae-Chlorella-clade-Chlorella-variabilis	taxo=Eukaryota-Viridiplantae-Chlorophyta-Trebouxiophyceae-Chlorella-variabilis
NC_025549	Eukaryota-Viridiplantae-Chlorophyta-core-chlorophytes-Trebouxiophyceae-Chlorellales-Chlorellaceae-Marvania-geminata	taxo=Eukaryota-Viridiplantae-Chlorophyta-Trebouxiophyceae-Marvania-geminata
NC_025533	Eukaryota-Viridiplantae-Chlorophyta-core-chlorophytes-Trebouxiophyceae-Trebouxiales-Trebouxiaceae-Lobosphaera-incisa	taxo=Eukaryota-Viridiplantae-Chlorophyta-Trebouxiophyceae-Lobosphaera-incisa
NC_015084	Eukaryota-Viridiplantae-Chlorophyta-core-chlorophytes-Trebouxiophyceae-Trebouxiophyceae-incertae-sedis-Elliptochloris-clade-Coccomyxa-Coccomyxa-subellipsoidea-Coccomyxa-subellipsoidea-C-169	taxo=Eukaryota-Viridiplantae-Chlorophyta-Trebouxiophyceae-Coccomyxa-subellipsoidea-C-169
NC_012097	Eukaryota-Viridiplantae-Chlorophyta-Pycnococcaceae-Pycnococcus-provasolii	taxo=Eukaryota-Viridiplantae-Chlorophyta-Pycnococcaceae-Pycnococcus-provasolii
KJ746602	Eukaryota-Viridiplantae-Chlorophyta-prasinophyte-sp-MBIC10622	taxo=Eukaryota-Viridiplantae-Chlorophyta-prasinophyte-sp-MBIC10622
NC_024817	Eukaryota-Viridiplantae-Prasinodermophyta-Prasinodermophyceae-Prasinodermales-Prasinodermaceae-Prasinoderma-coloniale	taxo=Eukaryota-Viridiplantae-Prasinodermophyta-Prasinoderma-coloniale
NC_024167	Eukaryota-Viridiplantae-Streptophyta-Klebsormidiophyceae-Klebsormidiales-Klebsormidiaceae-Klebsormidium-flaccidum	taxo=Eukaryota-Viridiplantae-Streptophyta-Klebsormidiophyceae-Klebsormidium-flaccidum
NC_002186	Eukaryota-Viridiplantae-Streptophyta-Mesostigmatophyceae-Mesostigmatales-Mesostigmataceae-Mesostigma-viride	taxo=Eukaryota-Viridiplantae-Streptophyta-Mesostigmatophyceae-Mesostigma-viride
NC_008097	Eukaryota-Viridiplantae-Streptophyta-Charophyceae-Charales-Characeae-Chara-vulgaris	taxo=Eukaryota-Viridiplantae-Streptophyta-Charophyceae-Chara-vulgaris
NC_001319	Eukaryota-Viridiplantae-Streptophyta-Embryophyta-Marchantiophyta-Marchantiopsida-Marchantiidae-Marchantiales-Marchantiaceae-Marchantia-paleacea	taxo=Eukaryota-Viridiplantae-Streptophyta-Embryophyta-Marchantia-paleacea
FJ899583	Eukaryota-Viridiplantae-Streptophyta-Embryophyta-Tracheophyta-Spermatophyta-Pinopsida-Pinidae-Conifers-I-Pinales-Pinaceae-Pinus-Pinus-subgen-Pinus-pinaster	taxo=Eukaryota-Viridiplantae-Streptophyta-Embryophyta-Pinus-pinaster
NC_031333	Eukaryota-Viridiplantae-Streptophyta-Embryophyta-Tracheophyta-Spermatophyta-Magnoliopsida-Liliopsida-Poales-Poaceae-BOP-clade-Oryzoideae-Oryzeae-Oryzinae-Oryza-sativa	taxo=Eukaryota-Viridiplantae-Streptophyta-Embryophyta-Oryza-sativa
NC_000932	Eukaryota-Viridiplantae-Streptophyta-Embryophyta-Tracheophyta-Spermatophyta-Magnoliopsida-eudicotyledons-Gunneridae-Pentapetalae-rosids-malvids-Brassicales-Brassicaceae-Camelineae-Arabidopsis-thaliana	taxo=Eukaryota-Viridiplantae-Streptophyta-Embryophyta-Arabidopsis-thaliana
NC_008117	Eukaryota-Viridiplantae-Streptophyta-Zygnemophyceae-Zygnematophycidae-Zygnematales-Zygnemataceae-Zygnema-circumcarinatum	taxo=Eukaryota-Viridiplantae-Streptophyta-Zygnemophyceae-Zygnema-circumcarinatum
NC_007288	Eukaryota-Haptista-Haptophyta-Prymnesiophyceae-Isochrysidales-Noelaerhabdaceae-Gephyrocapsa-huxleyi	taxo=Eukaryota-Haptophyta-Prymnesiophyceae-Isochrysidales-Noelaerhabdaceae-Gephyrocapsa-huxleyi
